time_s,id,status,lying,motion_ratio,motion_thr,breath_snr,breath_bpm,near_fire,fire_detected
1789939998.91,1,OBSERVING 0s,1,0.0000,0.0040,0.0,,0,0
1789940000.82,1,OBSERVING 2s,1,0.0000,0.0040,0.0,,0,0
1789940001.93,1,OBSERVING 3s,1,0.0791,0.0637,0.0,,0,0
1789940002.99,1,ALIVE (moving),1,0.0592,0.0040,0.0,,0,0
1789940004.09,1,ALIVE (moving),1,0.0236,0.0040,0.0,,0,0
1789940005.20,1,ALIVE (moving),1,0.0072,0.0040,0.0,,0,0
1789940006.39,1,ALIVE (moving),1,0.0000,0.0040,0.0,,0,0
1789940007.40,1,ALIVE (moving),1,0.0075,0.0040,0.0,,0,0
1789940008.57,1,ALIVE (moving),1,0.4135,0.0636,0.0,,0,0
1789940009.67,1,ALIVE (moving),1,0.4496,0.0310,0.0,,0,0
1789940010.84,1,ALIVE (moving),1,0.0835,0.0040,0.0,,0,0
1789940012.00,1,ALIVE (moving),1,0.1482,0.0040,0.0,,0,0
1789940013.04,1,ALIVE (moving),1,0.3212,0.0040,0.0,,0,0
1789940014.11,1,ALIVE (moving),1,0.1887,0.0040,0.0,,0,0
1789940015.19,1,ALIVE (moving),1,0.3205,0.0489,0.0,,0,0
1789940016.23,1,ALIVE (moving),1,0.1701,0.1181,0.0,,0,0
1789940017.28,1,ALIVE (moving),1,0.0353,0.0040,0.0,,0,0
1789940018.34,1,ALIVE (moving),1,0.0094,0.0040,0.0,,0,0
1789940019.38,1,ALIVE (moving),1,0.0000,0.0040,0.0,,0,0
1789940020.42,1,ALIVE (moving),1,0.0000,0.0040,0.0,,0,0
1789940021.43,1,ALIVE (moving),1,0.0000,0.0040,0.0,,0,0
1789940022.43,1,OBSERVING 1s,1,0.0000,0.0051,0.0,,0,0
1789940023.56,1,OBSERVING 2s,1,0.0000,0.0040,0.0,,0,0
1789940024.67,1,OBSERVING 3s,1,0.0149,0.0040,0.0,,0,0
1789940025.70,1,ALIVE (moving),1,0.2310,0.0066,0.0,,0,0
1789940026.81,1,ALIVE (moving),1,0.0850,0.0059,0.0,,0,0
1789940027.88,1,ALIVE (moving),1,0.2395,0.0077,0.0,,0,0
1789940028.90,1,ALIVE (moving),1,0.2177,0.0271,0.0,,0,0
1789940029.91,1,ALIVE (moving),1,0.0492,0.0040,0.0,,0,0
1789940031.03,1,ALIVE (moving),1,0.0296,0.0040,0.0,,0,0
1789940032.11,1,ALIVE (moving),1,0.0000,0.0040,0.0,,0,0
1789940033.16,1,ALIVE (moving),1,0.0000,0.0040,0.0,,0,0
1789940034.29,1,OBSERVING 0s,1,0.0000,0.0040,0.0,,0,0
1789940035.37,1,OBSERVING 1s,1,0.0000,0.0040,0.0,,0,0
1789940036.51,1,OBSERVING 2s,1,0.0000,0.0040,0.0,,0,0
1789940037.58,1,OBSERVING 3s,1,0.0000,0.0040,0.0,,0,0
1789940038.72,1,OBSERVING 4s,1,0.0000,0.0040,0.0,,0,0
1789940039.85,1,OBSERVING 6s,1,0.0000,0.0040,0.0,,0,0
1789940040.94,1,OBSERVING 7s,1,0.0000,0.0040,0.0,,0,0
1789940042.07,1,OBSERVING 8s,1,0.0000,0.0040,0.0,,0,0
1789940043.09,1,OBSERVING 9s,1,0.0000,0.0040,0.0,,0,0
1789940044.10,1,OBSERVING 10s,1,0.0000,0.0066,0.0,,0,0
1789940045.10,1,ANALYSING 11s,1,0.0000,0.0040,8.6,34,0,0
1789940046.14,1,ANALYSING 12s,1,0.0000,0.0040,7.4,34,0,0
1789940047.18,1,ANALYSING 13s,1,0.0000,0.0040,6.2,35,0,0
1789940048.33,1,ALIVE (moving),1,0.2189,0.0080,0.0,,0,0
1789940049.36,1,ALIVE (moving),1,0.2342,0.0040,0.0,,0,0
1789940050.38,1,ALIVE (moving),1,0.1597,0.0131,0.0,,0,0
1789940051.44,1,ALIVE (moving),1,0.3020,0.0126,0.0,,0,0
1789940052.51,1,CAMERA MOVING,1,0.3925,0.2801,0.0,,0,0
1789940053.55,1,CAMERA MOVING,1,0.9479,0.0040,0.0,,0,0
1789940054.65,1,CAMERA MOVING,1,0.8794,2.3896,0.0,,0,0
1789940055.68,1,ALIVE (moving),1,0.3038,0.1907,0.0,,0,0
1789940056.74,1,ALIVE (moving),1,0.0116,0.0040,0.0,,0,0
1789940057.88,1,ALIVE (moving),1,0.0244,0.0040,0.0,,0,0
1789940059.04,1,ALIVE (moving),1,0.0288,0.0044,0.0,,0,0
1789940060.11,1,ALIVE (moving),1,0.0475,0.0050,0.0,,0,0
1789940062.79,1,ALIVE (moving),1,0.0261,0.0040,0.0,,0,0
1789940063.87,1,ALIVE (moving),1,0.1138,0.0094,0.0,,0,0
1789940064.90,1,CAMERA MOVING,1,0.9199,2.4311,0.0,,0,0
1789940066.78,1,CAMERA MOVING,1,0.9163,2.3872,0.0,,0,0
1789940067.95,1,ALIVE (moving),1,0.0295,0.0040,0.0,,0,0
1789940069.00,1,ALIVE (moving),1,0.1945,0.0566,0.0,,0,0
1789940070.15,1,ALIVE (moving),1,0.2993,0.1684,0.0,,0,0
1789940071.25,1,ALIVE (moving),1,0.1672,0.0130,0.0,,0,0
1789940072.38,1,ALIVE (moving),1,0.1300,0.0059,0.0,,0,0
1789940073.54,1,CAMERA MOVING,1,0.4579,0.5361,0.0,,0,0
1789940074.65,1,ALIVE (moving),1,0.0602,0.1361,0.0,,0,0
1789940075.82,1,ALIVE (moving),1,0.1500,0.0820,0.0,,0,0
1789940076.87,1,ALIVE (moving),1,0.3428,0.1495,0.0,,0,0
1789940077.92,1,ALIVE (moving),1,0.3520,0.0100,0.0,,0,0
1789940079.04,1,ALIVE (moving),1,0.1901,0.0111,0.0,,0,0
1789940080.12,1,ALIVE (moving),1,0.2071,0.1650,0.0,,0,0
1789940081.15,1,ALIVE (moving),1,0.0906,0.0040,0.0,,0,0
1789940082.18,1,ALIVE (moving),1,0.0004,0.0040,0.0,,0,0
1789940083.20,1,ALIVE (moving),1,0.0401,0.0040,0.0,,0,0
1789940084.27,1,ALIVE (moving),1,0.0192,0.0040,0.0,,0,0
1789940085.38,1,ALIVE (moving),1,0.0190,0.0040,0.0,,0,0
1789940086.43,1,ALIVE (moving),1,0.0766,0.0040,0.0,,0,0
1789940087.46,1,ALIVE (moving),1,0.0571,0.0040,0.0,,0,0
1789940088.54,1,ALIVE (moving),1,0.0733,0.0870,0.0,,0,0
1789940089.61,1,ALIVE (moving),1,0.0398,0.0418,0.0,,0,0
1789940090.67,1,ALIVE (moving),1,0.0156,0.0040,0.0,,0,0
1789940091.76,1,ALIVE (moving),1,0.0215,0.0073,0.0,,0,0
1789940092.83,1,ALIVE (moving),1,0.0445,0.0044,0.0,,0,0
1789940093.92,1,ALIVE (moving),1,0.0670,0.0567,0.0,,0,0
1789940095.02,1,ALIVE (moving),1,0.2815,0.2571,0.0,,0,0
1789940096.09,1,ALIVE (moving),1,0.1711,0.0137,0.0,,0,0
1789940097.13,1,ALIVE (moving),1,0.1922,0.0064,0.0,,0,0
1789940098.23,1,ALIVE (moving),1,0.0000,0.0066,0.0,,0,0
1789940099.30,1,ALIVE (moving),1,0.0032,0.0040,0.0,,0,0
1789940100.41,1,ALIVE (moving),1,0.0000,0.0040,0.0,,0,0
1789940101.50,1,OBSERVING 0s,1,0.0000,0.0040,0.0,,0,0
1789940102.60,1,OBSERVING 1s,1,0.0000,0.0040,0.0,,0,0
1789940103.67,1,OBSERVING 2s,1,0.0000,0.0040,0.0,,0,0
1789940104.73,1,OBSERVING 4s,1,0.0000,0.0040,0.0,,0,0
1789940105.78,1,OBSERVING 5s,1,0.0000,0.0040,0.0,,0,0
1789940106.85,1,OBSERVING 6s,1,0.0000,0.0040,0.0,,0,0
1789940107.94,1,OBSERVING 7s,1,0.0000,0.0040,0.0,,0,0
1789940109.00,1,OBSERVING 8s,1,0.0000,0.0040,0.0,,0,0
1789940110.07,1,OBSERVING 9s,1,0.0000,0.0065,0.0,,0,0
1789940111.14,1,OBSERVING 10s,1,0.0000,0.0040,0.0,,0,0
1789940112.21,1,ANALYSING 11s,1,0.0000,0.0040,10.1,15,0,0
1789940113.25,1,ANALYSING 12s,1,0.0000,0.0040,9.9,15,0,0
1789940114.30,1,ANALYSING 13s,1,0.0000,0.0040,10.8,14,0,0
1789940115.35,1,ANALYSING 14s,1,0.0000,0.0040,10.4,14,0,0
1789940116.39,1,ANALYSING 15s,1,0.0000,0.0040,10.7,14,0,0
1789940117.47,1,ANALYSING 16s,1,0.0000,0.0045,10.0,14,0,0
1789940118.52,1,ANALYSING 17s,1,0.0000,0.0049,9.2,14,0,0
1789940119.60,1,ANALYSING 18s,1,0.0000,0.0040,11.4,26,0,0
1789940120.65,1,ANALYSING 19s,1,0.0000,0.0040,9.0,26,0,0
1789940121.69,1,NO MOVEMENT / NO BREATHING (body?),1,0.0000,0.0040,7.3,26,0,0
1789940122.76,1,NO MOVEMENT / NO BREATHING (body?),1,0.0000,0.0040,6.8,27,0,0
1789940123.83,1,NO MOVEMENT / NO BREATHING (body?),1,0.0000,0.0040,8.2,27,0,0
1789940124.90,1,NO MOVEMENT / NO BREATHING (body?),1,0.0000,0.0040,6.5,27,0,0
1789940125.97,1,NO MOVEMENT / NO BREATHING (body?),1,0.0000,0.0040,5.0,27,0,0
1789940127.04,1,NO MOVEMENT / NO BREATHING (body?),1,0.0000,0.0040,3.5,26,0,0
1789940128.11,1,NO MOVEMENT / NO BREATHING (body?),1,0.0355,0.0040,3.5,12,0,0
1789940129.19,1,ALIVE (moving),1,0.2115,0.0051,0.0,,0,0
1789940130.28,1,ALIVE (moving),1,0.1948,0.0040,0.0,,0,0
1789940131.38,1,ALIVE (moving),1,0.4775,0.0930,0.0,,0,0
1789940132.46,1,ALIVE (moving),1,0.4305,0.0243,0.0,,0,0
1789940133.55,1,ALIVE (moving),1,0.3870,0.0907,0.0,,0,0
1789940134.65,1,ALIVE (moving),1,0.1521,0.0328,0.0,,0,0
1789940135.72,1,ALIVE (moving),1,0.0354,0.0083,0.0,,0,0
1789940136.81,1,ALIVE (moving),1,0.0489,0.0084,0.0,,0,0
1789940137.90,1,ALIVE (moving),1,0.0042,0.0040,0.0,,0,0
1789940138.96,1,ALIVE (moving),1,0.0480,0.0040,0.0,,0,0
1789940140.06,1,ALIVE (moving),1,0.0288,0.0040,0.0,,0,0
1789940141.14,1,ALIVE (moving),1,0.0104,0.0040,0.0,,0,0
1789940142.18,1,ALIVE (moving),1,0.0005,0.0040,0.0,,0,0
1789940143.22,1,ALIVE (moving),1,0.0057,0.0040,0.0,,0,0
1789940144.29,1,ALIVE (moving),1,0.0003,0.0040,0.0,,0,0
1789940145.37,1,ALIVE (moving),1,0.0012,0.0040,0.0,,0,0
1789940146.44,1,ALIVE (moving),1,0.0091,0.0040,0.0,,0,0
1789940147.52,1,ALIVE (moving),1,0.0025,0.0040,0.0,,0,0
1789940148.58,1,ALIVE (moving),1,0.0023,0.0040,0.0,,0,0
1789940149.67,1,ALIVE (moving),1,0.0051,0.0040,0.0,,0,0
1789940150.76,1,ALIVE (moving),1,0.0001,0.0040,0.0,,0,0
1789940151.85,1,ALIVE (moving),1,0.0010,0.0040,0.0,,0,0
1789940152.92,1,OBSERVING 0s,1,0.0012,0.0040,0.0,,0,0
1789940154.02,1,OBSERVING 1s,1,0.0047,0.0040,0.0,,0,0
1789940155.12,1,ALIVE (moving),1,0.0000,0.0040,0.0,,0,0
1789940156.22,1,ALIVE (moving),1,0.0013,0.0040,0.0,,0,0
1789940157.28,1,CAMERA MOVING,1,0.9209,2.4818,0.0,,0,0
1789940158.29,1,ALIVE (moving),1,0.2372,0.0040,0.0,,0,0
1789940159.37,1,ALIVE (moving),1,0.1172,0.0040,0.0,,0,0
1789940160.46,1,ALIVE (moving),1,0.0059,0.0040,0.0,,0,0
1789940161.54,1,ALIVE (moving),1,0.0089,0.0040,0.0,,0,0
1789940162.63,1,ALIVE (moving),1,0.0044,0.0040,0.0,,0,0
1789940163.74,1,ALIVE (moving),1,0.2225,0.0040,0.0,,0,0
1789940164.91,1,CAMERA MOVING,1,0.4943,1.2305,0.0,,0,0
1789940165.93,1,ALIVE (moving),1,0.2319,0.1072,0.0,,0,0
1789940167.17,1,ALIVE (moving),0,0.2150,0.1123,0.0,,0,0
1789940168.38,1,ALIVE (moving),1,0.1820,0.0718,0.0,,0,0
1789940169.61,1,ALIVE (moving),1,0.1309,0.0082,0.0,,0,0
1789940170.84,1,ALIVE (moving),1,0.1225,0.0100,0.0,,0,0
1789940172.05,1,ALIVE (moving),1,0.0345,0.0040,0.0,,0,0
1789940173.27,1,ALIVE (moving),1,0.0430,0.0040,0.0,,0,0
1789940174.48,1,ALIVE (moving),1,0.0878,0.0040,0.0,,0,0
1789940175.71,1,ALIVE (moving),1,0.0645,0.0075,0.0,,0,0
1789940176.93,1,ALIVE (moving),1,0.0468,0.0182,0.0,,0,0
1789940178.14,1,CAMERA MOVING,1,0.2897,0.0040,0.0,,0,0
1789940179.27,1,CAMERA MOVING,1,0.3512,0.0040,0.0,,0,0
1789940180.45,1,CAMERA MOVING,1,0.5340,0.0040,0.0,,0,0
1789940181.62,1,ALIVE (moving),1,0.1921,0.0040,0.0,,0,0
1789940182.80,1,CAMERA MOVING,1,0.5019,0.8979,0.0,,0,0
1789940183.88,1,ALIVE (moving),1,0.1705,0.0040,0.0,,0,0
1789940185.10,1,CAMERA MOVING,1,0.2833,0.3899,0.0,,0,0
1789940186.32,1,ALIVE (moving),1,0.1141,0.0240,0.0,,0,0
1789940187.55,1,ALIVE (moving),1,0.0326,0.0072,0.0,,0,0
1789940188.76,1,ALIVE (moving),1,0.0058,0.0040,0.0,,0,0
1789940189.84,1,ALIVE (moving),1,0.1698,0.0942,0.0,,0,0
1789940190.90,1,ALIVE (moving),1,0.1368,0.0476,0.0,,0,0
1789940191.93,1,CAMERA MOVING,1,0.9584,2.4697,0.0,,0,0
1789940192.97,1,ALIVE (moving),1,0.2784,0.0111,0.0,,0,0
1789940194.05,1,ALIVE (moving),1,0.0472,0.0068,0.0,,0,0
1789940195.14,1,ALIVE (moving),1,0.0006,0.0040,0.0,,0,0
1789940196.23,1,ALIVE (moving),1,0.0048,0.0040,0.0,,0,0
1789940197.32,1,ALIVE (moving),1,0.0011,0.0040,0.0,,0,0
1789940198.43,1,ALIVE (moving),1,0.0000,0.0040,0.0,,0,0
1789940199.52,1,ALIVE (moving),1,0.0062,0.0040,0.0,,0,0
1789940200.61,1,ALIVE (moving),1,0.0000,0.0040,0.0,,0,0
1789940201.67,1,ALIVE (moving),1,0.1164,0.0040,0.0,,0,0
1789940202.76,1,ALIVE (moving),1,0.0821,0.0040,0.0,,0,0
1789940203.88,1,ALIVE (moving),1,0.0122,0.0077,0.0,,0,0
1789940204.98,1,ALIVE (moving),1,0.0093,0.0056,0.0,,0,0
1789940206.06,1,ALIVE (moving),1,0.0004,0.0040,0.0,,0,0
1789940207.12,1,ALIVE (moving),1,0.0003,0.0061,0.0,,0,0
1789940208.24,1,OBSERVING 0s,1,0.0003,0.0040,0.0,,0,0
1789940209.35,1,OBSERVING 1s,1,0.0008,0.0040,0.0,,0,0
1789940210.43,1,OBSERVING 2s,1,0.0000,0.0040,0.0,,0,0
1789940211.50,1,OBSERVING 3s,1,0.0000,0.0040,0.0,,0,0
1789940212.58,1,OBSERVING 4s,1,0.0000,0.0040,0.0,,0,0
1789940213.67,1,OBSERVING 6s,1,0.0007,0.0040,0.0,,0,0
1789940214.76,1,OBSERVING 7s,1,0.0001,0.0054,0.0,,0,0
1789940215.84,1,ALIVE (moving),1,0.2228,0.0073,0.0,,0,0
1789940216.94,1,CAMERA MOVING,1,0.6588,0.7567,0.0,,0,0
1789940218.04,1,CAMERA MOVING,1,0.7283,1.8647,0.0,,0,0
1789940219.16,1,CAMERA MOVING,1,0.4425,0.4258,0.0,,0,0
1789940220.39,1,ALIVE (moving),1,0.1077,0.0040,0.0,,0,0
1789940221.59,1,ALIVE (moving),1,0.0889,0.1030,0.0,,0,0
1789940222.67,1,ALIVE (moving),1,0.0337,0.0040,0.0,,0,0
1789940223.75,1,ALIVE (moving),1,0.0256,0.0040,0.0,,0,0
1789940224.98,1,ALIVE (moving),1,0.0029,0.0040,0.0,,0,0
1789940226.22,1,ALIVE (moving),1,0.0098,0.0040,0.0,,0,0
1789940227.45,1,ALIVE (moving),1,0.0013,0.0040,0.0,,0,0
1789940228.69,1,ALIVE (moving),1,0.0226,0.0040,0.0,,0,0
1789940229.90,1,ALIVE (moving),1,0.0605,0.0040,0.0,,0,0
1789940231.10,1,ALIVE (moving),1,0.0934,0.0040,0.0,,0,0
1789940232.29,1,ALIVE (moving),1,0.0648,0.0040,0.0,,0,0
1789940233.36,1,CAMERA MOVING,1,0.4958,1.2430,0.0,,0,0
1789940234.39,1,CAMERA MOVING,1,0.4575,0.2183,0.0,,0,0
1789940235.46,1,ALIVE (moving),0,0.4543,0.0646,0.0,,0,0
1789940236.56,1,ALIVE (moving),0,0.2883,0.0217,0.0,,0,0
1789940237.67,1,ALIVE (moving),0,0.2355,0.0230,0.0,,0,0
1789940238.77,1,ALIVE (moving),1,0.3124,0.1243,0.0,,0,0
1789940239.81,1,ALIVE (moving),1,0.2137,0.0454,0.0,,0,0
1789940240.82,1,ALIVE (moving),1,0.2367,0.0520,0.0,,0,0
1789940241.90,1,ALIVE (moving),1,0.0840,0.0043,0.0,,0,0
1789940242.93,1,CAMERA MOVING,1,0.4581,0.2022,0.0,,0,0
1789940243.98,1,ALIVE (moving),0,0.2575,0.0199,0.0,,0,0
1789940245.04,1,CAMERA MOVING,1,0.6877,2.0579,0.0,,0,0
1789940246.08,1,CAMERA MOVING,1,0.8967,2.2481,0.0,,0,0
1789940247.15,1,ALIVE (moving),1,0.2862,0.2106,0.0,,0,0
1789940248.23,1,ALIVE (moving),1,0.0479,0.0178,0.0,,0,0
1789940249.30,1,ALIVE (moving),1,0.3157,0.2017,0.0,,0,0
1789940250.35,1,ALIVE (moving),0,0.2604,0.0276,0.0,,0,0
1789940251.45,1,ALIVE (moving),1,0.3153,0.0321,0.0,,0,0
1789940252.55,1,CAMERA MOVING,1,0.6216,0.3258,0.0,,0,0
1789940253.60,1,CAMERA MOVING,0,0.8604,2.0101,0.0,,0,0
1789940254.66,1,ALIVE (moving),0,0.5844,0.0347,0.0,,0,0
1789940255.73,1,ALIVE (moving),0,0.5840,0.2789,0.0,,0,0
1789940296.23,3,ALIVE (moving),0,0.5977,0.0229,0.0,,0,0
1789940297.34,3,CAMERA MOVING,0,0.6973,0.7513,0.0,,0,0
1789940298.43,3,CAMERA MOVING,0,0.8243,0.9485,0.0,,0,0
1789940299.44,3,CAMERA MOVING,0,0.4169,0.0844,0.0,,0,0
1789940300.47,3,CAMERA MOVING,0,0.9569,2.4144,0.0,,0,0
1789940301.52,3,CAMERA MOVING,1,0.6175,0.9495,0.0,,0,0
1789940302.56,3,ALIVE (moving),1,0.2702,0.1291,0.0,,0,0
1789940303.66,3,ALIVE (moving),1,0.0951,0.0610,0.0,,0,0
1789940304.74,3,CAMERA MOVING,1,0.6392,1.0830,0.0,,0,0
1789940305.76,3,CAMERA MOVING,1,0.6155,0.6120,0.0,,0,0
1789940306.80,3,ALIVE (moving),1,0.1523,0.0083,0.0,,0,0
1789940307.89,3,ALIVE (moving),1,0.3566,0.0314,0.0,,0,0
1789940308.94,3,ALIVE (moving),0,0.1775,0.0339,0.0,,0,0
1789940310.02,3,ALIVE (moving),0,0.0848,0.0326,0.0,,0,0
1789940311.08,3,ALIVE (moving),0,0.1382,0.0727,0.0,,0,0
1789940312.15,3,ALIVE (moving),0,0.0800,0.0085,0.0,,0,0
1789940313.22,3,ALIVE (moving),0,0.0541,0.0138,0.0,,0,0
1789940314.29,3,ALIVE (moving),0,0.1550,0.0345,0.0,,0,0
1789940315.36,3,ALIVE (moving),0,0.1532,0.0318,0.0,,0,0
1789940316.38,3,ALIVE (moving),1,0.1859,0.1049,0.0,,0,0
1789940317.44,3,CAMERA MOVING,0,0.4100,0.4960,0.0,,0,0
1789940318.46,3,ALIVE (moving),1,0.1321,0.0363,0.0,,0,0
1789940319.55,3,ALIVE (moving),0,0.1409,0.0517,0.0,,0,0
1789940320.63,3,ALIVE (moving),0,0.0424,0.0282,0.0,,0,0
1789940321.70,3,ALIVE (moving),0,0.1764,0.0627,0.0,,0,0
1789940322.75,3,CAMERA MOVING,0,0.5620,1.1002,0.0,,0,0
1789940323.84,3,ALIVE (moving),1,0.2586,0.0588,0.0,,0,0
1789940324.94,3,ALIVE (moving),1,0.0498,0.0144,0.0,,0,0
1789940326.05,3,ALIVE (moving),0,0.1740,0.0399,0.0,,0,0
1789940327.15,3,ALIVE (moving),0,0.3061,0.3229,0.0,,0,0
1789940328.29,3,CAMERA MOVING,1,0.4826,0.3492,0.0,,0,0
1789940329.48,3,ALIVE (moving),1,0.2032,0.1223,0.0,,0,0
1789940330.68,3,ALIVE (moving),1,0.1685,0.0919,0.0,,0,0
1789940331.72,3,ALIVE (moving),0,0.2120,0.0244,0.0,,0,0
1789940333.00,3,CAMERA MOVING,1,0.5052,0.2364,0.0,,0,0
1789940334.01,3,CAMERA MOVING,1,0.6123,1.4445,0.0,,0,0
1789940335.13,3,CAMERA MOVING,1,0.4020,1.4091,0.0,,0,0
1789940336.26,3,CAMERA MOVING,1,0.9426,2.4087,0.0,,0,0
1789940337.37,3,ALIVE (moving),1,0.1733,0.0040,0.0,,0,0
1789940338.57,3,CAMERA MOVING,1,0.9340,0.0040,0.0,,0,0
1789940339.66,3,CAMERA MOVING,1,0.3713,0.0040,0.0,,0,0
1789940340.83,3,CAMERA MOVING,1,0.3475,0.6592,0.0,,0,0
1789940341.97,3,CAMERA MOVING,1,0.3263,0.4711,0.0,,0,0
1789940343.13,3,ALIVE (moving),1,0.0672,0.0046,0.0,,0,0
1789940344.37,3,ALIVE (moving),1,0.0256,0.0040,0.0,,0,0
1789940345.37,3,ALIVE (moving),1,0.0139,0.0045,0.0,,0,0
1789940346.63,3,ALIVE (moving),1,0.0069,0.0041,0.0,,0,0
1789940347.82,3,CAMERA MOVING,0,0.3513,0.4485,0.0,,0,0
1789940348.94,3,CAMERA MOVING,0,0.5821,0.4947,0.0,,0,0
1789940350.12,3,CAMERA MOVING,0,0.6063,0.5697,0.0,,0,0
1789940351.23,3,ALIVE (moving),1,0.1986,0.0436,0.0,,0,0
1789940352.39,3,ALIVE (moving),1,0.2607,0.1627,0.0,,0,0
1789940353.39,3,ALIVE (moving),1,0.1134,0.0579,0.0,,0,0
1789940354.53,3,CAMERA MOVING,1,0.9597,2.1851,0.0,,0,0
1789940355.74,3,CAMERA MOVING,1,0.6647,0.0040,0.0,,0,0
1789940356.90,3,ALIVE (moving),1,0.2031,0.0040,0.0,,0,0
1789940358.06,3,ALIVE (moving),1,0.2474,0.3164,0.0,,0,0
1789940359.28,3,ALIVE (moving),1,0.1748,0.3661,0.0,,0,0
1789940360.49,3,OBSERVING 0s,1,0.1846,0.0040,0.0,,0,0
1789940361.65,3,ALIVE (moving),1,0.2438,0.4992,0.0,,0,0
1789940362.79,3,CAMERA MOVING,1,0.6463,0.6324,0.0,,0,0
1789940363.91,3,CAMERA MOVING,0,0.6474,0.7517,0.0,,0,0
1789940365.09,3,CAMERA MOVING,0,0.6049,0.2209,0.0,,0,0
1789940366.23,3,CAMERA MOVING,1,0.7424,0.2867,0.0,,0,0
1789940367.38,3,CAMERA MOVING,0,0.5944,0.7090,0.0,,0,0
1789940368.53,3,ALIVE (moving),0,0.1592,0.0791,0.0,,0,0
1789940369.77,3,ALIVE (moving),0,0.2200,0.0933,0.0,,0,0
1789940370.78,3,ALIVE (moving),0,0.0750,0.0229,0.0,,0,0
1789940371.99,3,CAMERA MOVING,1,0.4303,0.6396,0.0,,0,0
1789940373.16,3,ALIVE (moving),0,0.1400,0.0431,0.0,,0,0
1789940374.35,3,ALIVE (moving),0,0.0943,0.0168,0.0,,0,0
1789940375.59,3,ALIVE (moving),0,0.0292,0.0040,0.0,,0,0
1789940376.83,3,ALIVE (moving),0,0.0684,0.0041,0.0,,0,0
1789940378.08,3,ALIVE (moving),0,0.0147,0.0040,0.0,,0,0
1789940379.30,3,ALIVE (moving),0,0.0435,0.0040,0.0,,0,0
1789940380.30,3,ALIVE (moving),0,0.0243,0.0040,0.0,,0,0
1789940381.53,3,ALIVE (moving),0,0.0754,0.0110,0.0,,0,0
1789940382.71,3,CAMERA MOVING,1,0.5879,0.7441,0.0,,0,0
1789940383.80,3,CAMERA MOVING,0,0.3790,0.3212,0.0,,0,0
1789940384.93,3,ALIVE (moving),1,0.3231,0.0443,0.0,,0,0
1789940386.05,3,CAMERA MOVING,0,0.5457,0.2577,0.0,,0,0
1789940387.16,3,CAMERA MOVING,0,0.6216,0.6645,0.0,,0,0
1789940388.38,3,ALIVE (moving),0,0.4350,0.0495,0.0,,0,0
1789940389.54,3,CAMERA MOVING,1,0.7154,0.3158,0.0,,0,0
1789940390.68,3,CAMERA MOVING,1,0.4355,0.2160,0.0,,0,0
1789940391.82,3,ALIVE (moving),0,0.3035,0.2181,0.0,,0,0
1789940393.02,3,ALIVE (moving),0,0.2995,0.1053,0.0,,0,0
1789940394.23,3,CAMERA MOVING,1,0.4403,0.2198,0.0,,0,0
1789940395.41,3,ALIVE (moving),1,0.0298,0.0040,0.0,,0,0
1789940396.62,3,ALIVE (moving),1,0.0215,0.0040,0.0,,0,0
1789940397.82,3,ALIVE (moving),1,0.0124,0.0040,0.0,,0,0
1789940399.04,3,ALIVE (moving),1,0.2759,0.0529,0.0,,0,0
1789940400.30,3,CAMERA MOVING,1,0.5224,0.8296,0.0,,0,0
1789940401.41,3,ALIVE (moving),1,0.2501,0.5674,0.0,,0,0
1789940402.59,3,CAMERA MOVING,1,0.2865,0.0040,0.0,,0,0
1789940403.74,3,CAMERA MOVING,1,0.9343,2.3302,0.0,,0,0
1789940404.85,3,CAMERA MOVING,1,0.7581,0.0040,0.0,,0,0
1789940405.95,3,CAMERA MOVING,1,0.6613,1.3554,0.0,,0,0
1789940407.01,3,CAMERA MOVING,0,0.4392,0.4159,0.0,,0,0
1789940408.14,3,CAMERA MOVING,1,0.8142,1.8904,0.0,,0,0
1789940409.17,3,ALIVE (moving),0,0.4677,0.1612,0.0,,0,0
1789940410.22,3,CAMERA MOVING,1,0.8929,2.4437,0.0,,0,0
1789940411.24,3,CAMERA MOVING,0,0.8699,1.7628,0.0,,0,0
1789940412.36,3,CAMERA MOVING,0,0.6396,0.9686,0.0,,0,0
1789940413.37,3,ALIVE (moving),0,0.6436,0.2939,0.0,,0,0
1789940414.50,3,ALIVE (moving),0,0.6095,0.0788,0.0,,0,0
1789940415.59,3,ALIVE (moving),0,0.2120,0.0040,0.0,,0,0
1789940416.66,3,ALIVE (moving),0,0.2431,0.0040,0.0,,0,0
1789940424.08,5,ALIVE (moving),0,0.4115,0.0040,0.0,,0,0
1789940425.20,5,ALIVE (moving),0,0.6373,0.1203,0.0,,0,0
1789940426.28,6,CAMERA MOVING,0,0.5861,0.6973,0.0,,0,0
1789940427.42,6,ALIVE (moving),0,0.5900,0.0171,0.0,,0,0
1789940428.49,6,CAMERA MOVING,0,0.4896,0.0592,0.0,,0,0
1789940429.51,6,CAMERA MOVING,1,0.7119,0.5431,0.0,,0,0
1789940430.59,6,ALIVE (moving),0,0.1796,0.0839,0.0,,0,0
1789940431.68,6,CAMERA MOVING,1,0.4333,0.9159,0.0,,0,0
1789940432.75,6,ALIVE (moving),1,0.2429,0.0911,0.0,,1,1
1789940433.82,6,ALIVE (moving),1,0.0893,0.0040,0.0,,1,1
1789940434.89,6,ALIVE (moving),1,0.1705,0.0222,0.0,,1,1
1789940435.94,6,ALIVE (moving),1,0.1190,0.1444,0.0,,1,1
1789940437.00,6,ALIVE (moving),1,0.2455,0.1123,0.0,,1,1
1789940438.06,6,ALIVE (moving),1,0.1976,0.0367,0.0,,1,1
1789940439.13,6,ALIVE (moving),1,0.1357,0.0089,0.0,,1,1
1789940440.23,6,ALIVE (moving),1,0.2122,0.0131,0.0,,1,1
1789940441.34,6,ALIVE (moving),1,0.1831,0.0107,0.0,,1,1
1789940442.44,6,ALIVE (moving),1,0.0913,0.0060,0.0,,1,1
1789940443.53,6,ALIVE (moving),1,0.1457,0.0121,0.0,,1,1
1789940444.57,6,ALIVE (moving),1,0.2027,0.0242,0.0,,1,1
1789940445.65,6,CAMERA MOVING,1,0.4847,0.8135,0.0,,1,1
1789940446.70,6,ALIVE (moving),1,0.0899,0.0299,0.0,,1,1
1789940447.78,6,CAMERA MOVING,1,0.5376,1.1429,0.0,,1,1
1789940448.81,6,OBSERVING 0s,0,0.0754,0.8180,0.0,,0,0
1789940449.88,6,OBSERVING 0s,1,0.1232,0.0315,0.0,,0,0
1789940450.97,6,OBSERVING 1s,0,0.2858,0.3502,0.0,,0,0
1789940452.04,6,ALIVE (moving),0,0.1443,0.0138,0.0,,0,0
1789940453.17,6,ALIVE (moving),1,0.1958,0.0129,0.0,,0,0
1789940454.23,6,ALIVE (moving),1,0.1391,0.0083,0.0,,1,1
1789940455.33,6,ALIVE (moving),1,0.3022,0.0446,0.0,,1,1
1789940456.44,6,ALIVE (moving),1,0.0725,0.0080,0.0,,1,1
1789940457.55,6,ALIVE (moving),1,0.0098,0.0040,0.0,,0,0
1789940458.63,6,ALIVE (moving),1,0.0146,0.0040,0.0,,1,1
1789940459.71,6,ALIVE (moving),0,0.2872,0.0269,0.0,,1,1
1789940460.82,6,CAMERA MOVING,0,0.5213,0.1611,0.0,,0,0
1789940461.82,6,CAMERA MOVING,1,0.3900,0.4073,0.0,,1,1
1789940462.89,6,ALIVE (moving),1,0.1066,0.0284,0.0,,1,1
1789940463.98,6,ALIVE (moving),1,0.0724,0.0405,0.0,,1,1
1789940465.02,6,ALIVE (moving),1,0.0599,0.0152,0.0,,1,1
1789940466.11,6,ALIVE (moving),1,0.1479,0.0463,0.0,,1,1
1789940467.20,6,ALIVE (moving),0,0.5192,0.1413,0.0,,0,0
1789940468.28,6,CAMERA MOVING,1,0.5748,0.3292,0.0,,0,0
1789940469.35,6,ALIVE (moving),0,0.3280,0.1748,0.0,,0,0
1789940470.46,6,ALIVE (moving),0,0.1732,0.1703,0.0,,0,0
1789940471.54,6,ALIVE (moving),0,0.3460,0.0561,0.0,,0,0
1789940472.62,6,ALIVE (moving),0,0.1349,0.0615,0.0,,0,0
1789940473.67,6,ALIVE (moving),0,0.3489,0.2042,0.0,,0,0
1789940474.75,6,ALIVE (moving),0,0.2501,0.0898,0.0,,0,0
1789940475.84,6,CAMERA MOVING,0,0.4863,0.2501,0.0,,0,0
1789940476.90,6,ALIVE (moving),0,0.2424,0.1453,0.0,,0,0
1789940477.96,6,CAMERA MOVING,0,0.7153,0.6612,0.0,,0,0
1789940478.96,6,ALIVE (moving),0,0.1875,0.0055,0.0,,0,0
1789940480.05,6,ALIVE (moving),0,0.3127,0.0275,0.0,,0,0
1789940481.13,6,CAMERA MOVING,1,0.5700,0.2761,0.0,,0,0
1789940482.20,6,CAMERA MOVING,0,0.4350,0.2485,0.0,,0,0
1789940483.32,6,ALIVE (moving),0,0.3836,0.0459,0.0,,0,0
1789940484.32,6,ALIVE (moving),0,0.2296,0.0925,0.0,,0,0
1789940485.56,6,ALIVE (moving),0,0.2839,0.0344,0.0,,0,0
1789940486.78,6,ALIVE (moving),0,0.2946,0.0831,0.0,,0,0
1789940487.98,6,ALIVE (moving),1,0.0918,0.0451,0.0,,0,0
1789940489.22,6,ALIVE (moving),1,0.1237,0.0343,0.0,,0,0
1789940490.47,6,ALIVE (moving),1,0.0498,0.0058,0.0,,0,0
1789940491.68,6,ALIVE (moving),1,0.0219,0.0040,0.0,,0,0
1789940492.88,6,ALIVE (moving),1,0.0548,0.0040,0.0,,0,0
1789940494.05,6,CAMERA MOVING,0,0.5052,1.2366,0.0,,0,0
1789940495.18,6,CAMERA MOVING,1,0.7729,1.3674,0.0,,0,0
1789940496.35,6,OBSERVING 0s,1,0.1917,0.5402,0.0,,0,0
1789940497.58,6,OBSERVING 0s,1,0.1663,0.0040,0.0,,0,0
1789940498.60,6,ALIVE (moving),1,0.1112,0.5763,0.0,,0,0
1789940499.77,6,ALIVE (moving),1,0.1637,0.4208,0.0,,0,0
1789940500.96,6,CAMERA MOVING,1,0.3084,0.0040,0.0,,0,0
1789940502.11,6,ALIVE (moving),1,0.0941,0.0040,0.0,,0,0
1789940503.29,6,ALIVE (moving),1,0.0911,0.4845,0.0,,0,0
1789940504.52,6,CAMERA MOVING,1,0.3416,0.0040,0.0,,0,0
1789940505.69,6,ALIVE (moving),1,0.1837,0.0040,0.0,,0,0
1789940506.86,6,CAMERA MOVING,1,0.2720,0.7221,0.0,,0,0
1789940507.95,6,CAMERA MOVING,1,0.2852,0.9119,0.0,,0,0
1789940509.05,6,CAMERA MOVING,1,0.9603,2.4046,0.0,,0,0
1789940510.19,6,ALIVE (moving),1,0.1098,0.0040,0.0,,0,0
1789940511.29,6,CAMERA MOVING,1,0.4028,1.4754,0.0,,0,0
1789940512.40,6,CAMERA MOVING,1,0.5664,0.4887,0.0,,0,0
1789940513.49,6,ALIVE (moving),0,0.4624,0.0632,0.0,,0,0
1789940514.66,6,CAMERA MOVING,1,0.6438,0.0952,0.0,,0,0
1789940515.75,6,ALIVE (moving),1,0.3767,0.0523,0.0,,0,0
1789940516.92,6,ALIVE (moving),1,0.3784,0.1561,0.0,,0,0
1789940518.13,6,ALIVE (moving),0,0.1631,0.0241,0.0,,0,0
1789940519.33,6,ALIVE (moving),0,0.3749,0.1079,0.0,,0,0
1789940520.51,6,CAMERA MOVING,1,0.4976,0.3931,0.0,,0,0
1789940521.65,6,ALIVE (moving),0,0.3617,0.0496,0.0,,0,0
1789940522.88,6,ALIVE (moving),0,0.4287,0.0577,0.0,,0,0
1789940524.08,6,ALIVE (moving),0,0.2595,0.0277,0.0,,0,0
1789940525.30,6,ALIVE (moving),0,0.2814,0.0098,0.0,,0,0
1789940526.55,6,ALIVE (moving),0,0.2502,0.0258,0.0,,0,0
1789940527.78,6,ALIVE (moving),1,0.2855,0.0384,0.0,,0,0
1789940528.79,6,ALIVE (moving),1,0.2760,0.1031,0.0,,0,0
1789940530.04,6,ALIVE (moving),1,0.2813,0.0813,0.0,,0,0
1789940531.28,6,ALIVE (moving),1,0.4162,0.0723,0.0,,0,0
1789940532.51,6,ALIVE (moving),1,0.1573,0.0356,0.0,,0,0
1789940533.74,6,ALIVE (moving),1,0.2457,0.0105,0.0,,0,0
1789940534.97,6,ALIVE (moving),1,0.2376,0.0218,0.0,,0,0
1789940536.18,6,ALIVE (moving),1,0.2319,0.0168,0.0,,0,0
1789940537.41,6,ALIVE (moving),0,0.6929,0.1564,0.0,,0,0
1789940538.50,6,ALIVE (moving),1,0.1579,0.0215,0.0,,0,0
1789940539.60,6,ALIVE (moving),0,0.3485,0.0154,0.0,,0,0
1789940540.67,6,ALIVE (moving),0,0.2363,0.2371,0.0,,0,0
1789940541.79,6,ALIVE (moving),1,0.2924,0.0471,0.0,,1,1
1789940542.93,6,ALIVE (moving),1,0.1252,0.0184,0.0,,1,1
1789940544.04,6,ALIVE (moving),1,0.0598,0.0374,0.0,,1,1
1789940545.15,6,ALIVE (moving),1,0.0347,0.0040,0.0,,1,1
1789940546.28,6,ALIVE (moving),1,0.0868,0.0206,0.0,,1,1
1789940547.38,6,ALIVE (moving),1,0.1476,0.0369,0.0,,1,1
1789940548.51,6,ALIVE (moving),1,0.2369,0.1322,0.0,,1,1
1789940549.54,6,ALIVE (moving),1,0.1241,0.0311,0.0,,1,1
1789940550.60,6,ALIVE (moving),1,0.1138,0.0150,0.0,,1,1
1789940551.67,6,ALIVE (moving),1,0.0694,0.0043,0.0,,1,1
1789940552.67,6,CAMERA MOVING,0,0.4100,0.5089,0.0,,0,0
1789940553.75,6,ALIVE (moving),0,0.1815,0.0099,0.0,,0,0
1789940554.82,6,ALIVE (moving),1,0.3551,0.0815,0.0,,0,0
1789940555.84,6,ALIVE (moving),0,0.1643,0.0157,0.0,,0,0
1789940556.88,6,ALIVE (moving),0,0.0544,0.0044,0.0,,0,0
1789940557.95,6,ALIVE (moving),0,0.1705,0.0172,0.0,,0,0
1789940559.17,6,ALIVE (moving),1,0.1907,0.0662,0.0,,0,0
1789940560.30,6,ALIVE (moving),1,0.0007,0.0040,0.0,,0,0
1789940561.45,6,ALIVE (moving),1,0.1118,0.0359,0.0,,0,0
1789940562.47,6,CAMERA MOVING,1,0.7595,2.0303,0.0,,0,0
1789940563.58,6,CAMERA MOVING,0,0.4742,0.5333,0.0,,0,0
1789940564.62,6,CAMERA MOVING,1,0.4278,0.3324,0.0,,0,0
1789940565.64,6,CAMERA MOVING,0,0.6333,0.0433,0.0,,0,0
1789940566.85,6,ALIVE (moving),0,0.3957,0.1052,0.0,,0,0
1789940568.07,6,CAMERA MOVING,0,0.6274,0.2033,0.0,,0,0
1789940569.22,6,CAMERA MOVING,0,0.7641,0.5647,0.0,,0,0
1789940570.40,6,CAMERA MOVING,0,0.5753,0.2880,0.0,,0,0
1789940571.63,6,ALIVE (moving),0,0.2060,0.0257,0.0,,0,0
1789940572.85,6,CAMERA MOVING,1,0.3552,0.3336,0.0,,0,0
1789940573.88,6,ALIVE (moving),1,0.1613,0.0464,0.0,,0,0
1789940575.10,6,ALIVE (moving),1,0.1250,0.0364,0.0,,0,0
1789940576.12,6,CAMERA MOVING,1,0.3103,0.3353,0.0,,0,0
1789940577.27,6,CAMERA MOVING,1,0.4840,0.0040,0.0,,0,0
1789940578.40,6,CAMERA MOVING,1,0.2617,0.0040,0.0,,0,0
1789940579.60,6,ALIVE (moving),1,0.1260,0.7326,0.0,,0,0
1789940580.85,6,ALIVE (moving),1,0.1285,0.4008,0.0,,0,0
1789940582.08,6,ALIVE (moving),1,0.1405,0.3890,0.0,,0,0
1789940583.30,6,CAMERA MOVING,1,0.3803,0.3219,0.0,,0,0
1789940584.48,6,ALIVE (moving),1,0.1116,0.0040,0.0,,0,0
1789940585.48,6,ALIVE (moving),1,0.0704,0.0040,0.0,,0,0
1789940586.70,6,ALIVE (moving),1,0.0591,0.0040,0.0,,0,0
1789940587.90,6,CAMERA MOVING,1,0.3823,0.4282,0.0,,0,0
1789940589.04,6,ALIVE (moving),1,0.2296,0.0040,0.0,,0,0
1789940590.27,6,CAMERA MOVING,1,0.3583,0.0040,0.0,,0,0
1789940591.41,6,ALIVE (moving),1,0.2034,0.2042,0.0,,0,0
1789940592.64,6,ALIVE (moving),1,0.2191,0.2657,0.0,,0,0
1789940593.81,6,ALIVE (moving),0,0.1161,0.8744,0.0,,0,0
1789940594.83,6,CAMERA MOVING,1,0.2572,0.0040,0.0,,0,0
1789940596.01,6,ALIVE (moving),1,0.1067,0.0040,0.0,,0,0
1789940597.24,6,CAMERA MOVING,1,0.2775,0.8948,0.0,,0,0
1789940598.47,6,CAMERA MOVING,1,0.5987,0.7425,0.0,,0,0
1789940599.60,6,CAMERA MOVING,0,0.6232,0.0598,0.0,,0,0
1789940600.75,6,CAMERA MOVING,0,0.6662,0.1552,0.0,,0,0
1789940601.94,6,CAMERA MOVING,1,0.5265,0.2585,0.0,,0,0
1789940603.09,6,CAMERA MOVING,0,0.5961,0.8744,0.0,,0,0
1789940604.25,6,CAMERA MOVING,1,0.3161,0.3966,0.0,,0,0
1789940605.39,6,CAMERA MOVING,1,0.3558,0.6831,0.0,,0,0
1789940606.57,6,CAMERA MOVING,1,0.2754,0.0040,0.0,,0,0
1789940607.67,6,CAMERA MOVING,1,0.9591,0.0040,0.0,,0,0
1789940608.83,6,ALIVE (moving),1,0.1656,0.7481,0.0,,0,0
1789940609.86,6,ALIVE (moving),1,0.2178,0.2906,0.0,,0,0
1789940611.01,6,ALIVE (moving),1,0.1209,0.0040,0.0,,0,0
1789940612.02,6,ALIVE (moving),1,0.0670,0.0040,0.0,,0,0
1789940613.25,6,ALIVE (moving),1,0.1655,0.0040,0.0,,0,0
1789940614.47,6,CAMERA MOVING,1,0.3019,1.1303,0.0,,0,0
1789940615.68,6,ALIVE (moving),1,0.1450,0.0073,0.0,,0,0
1789940616.85,6,CAMERA MOVING,1,0.4308,0.8899,0.0,,0,0
1789940618.04,6,ALIVE (moving),0,0.1352,0.4212,0.0,,0,0
1789940619.28,6,OBSERVING 0s,1,0.1585,0.0040,0.0,,0,0
1789940620.31,6,CAMERA MOVING,1,0.2948,0.8928,0.0,,0,0
1789940621.44,6,CAMERA MOVING,1,0.3148,0.3953,0.0,,0,0
1789940622.62,6,CAMERA MOVING,1,0.4130,0.3998,0.0,,0,0
1789940623.77,6,ALIVE (moving),1,0.1683,0.2592,0.0,,0,0
1789940624.92,6,ALIVE (moving),1,0.1069,0.0040,0.0,,0,0
1789940626.14,6,ALIVE (moving),1,0.1532,0.5835,0.0,,0,0
1789940627.15,6,ALIVE (moving),1,0.1665,0.2859,0.0,,0,0
1789940628.16,6,ALIVE (moving),1,0.1740,0.8449,0.0,,0,0
1789940629.39,6,ALIVE (moving),1,0.0969,0.5528,0.0,,0,0
1789940630.40,6,ALIVE (moving),1,0.1216,0.0040,0.0,,0,0
1789940631.46,6,ALIVE (moving),1,0.1221,0.4837,0.0,,0,0
1789940632.52,6,ALIVE (moving),1,0.1285,0.4943,0.0,,0,0
1789940633.60,6,OBSERVING 0s,1,0.1796,0.3340,0.0,,0,0
1789940634.65,6,CAMERA MOVING,1,0.4068,1.4423,0.0,,0,0
1789940635.85,6,CAMERA MOVING,1,0.3060,0.0040,0.0,,0,0
1789940637.04,6,ALIVE (moving),1,0.1246,0.0040,0.0,,0,0
1789940638.27,6,ALIVE (moving),1,0.0982,0.0040,0.0,,0,0
1789940639.50,6,ALIVE (moving),1,0.0955,0.0040,0.0,,0,0
1789940640.54,6,CAMERA MOVING,1,0.9125,0.0040,0.0,,0,0
1789940641.70,6,CAMERA MOVING,1,0.5330,0.3550,0.0,,0,0
1789940642.89,6,CAMERA MOVING,0,0.6114,0.4069,0.0,,0,0
1789940644.01,6,ALIVE (moving),1,0.4000,0.0818,0.0,,0,0
1789940645.22,6,CAMERA MOVING,0,0.7435,0.5035,0.0,,0,0
1789940646.47,6,CAMERA MOVING,0,0.5572,0.4124,0.0,,0,0
1789940647.67,6,ALIVE (moving),0,0.3825,0.0192,0.0,,0,0
1789940648.67,6,CAMERA MOVING,1,0.4441,0.5891,0.0,,0,0
1789940649.89,6,CAMERA MOVING,1,0.3543,0.6069,0.0,,0,0
1789940651.07,6,ALIVE (moving),1,0.2247,0.5779,0.0,,0,0
1789940652.29,6,CAMERA MOVING,1,0.3345,1.4935,0.0,,0,0
1789940653.49,6,CAMERA MOVING,1,0.6112,0.0040,0.0,,0,0
1789940654.75,6,ALIVE (moving),1,0.1333,0.0040,0.0,,0,0
1789940655.78,6,ALIVE (moving),1,0.1877,0.5400,0.0,,0,0
1789940656.98,6,ALIVE (moving),1,0.1560,0.0040,0.0,,0,0
1789940657.98,6,ALIVE (moving),1,0.1417,0.0040,0.0,,0,0
1789940659.01,6,ALIVE (moving),1,0.1407,0.2801,0.0,,0,0
1789940660.03,6,ALIVE (moving),1,0.1399,0.0673,0.0,,0,0
1789940661.04,6,ALIVE (moving),1,0.1471,0.0040,0.0,,0,0
1789940662.26,6,ALIVE (moving),1,0.0527,0.0040,0.0,,0,0
1789940663.27,6,ALIVE (moving),1,0.1383,0.0040,0.0,,0,0
1789940664.29,6,ALIVE (moving),1,0.1848,0.5605,0.0,,0,0
1789940665.30,6,ALIVE (moving),1,0.0903,0.4246,0.0,,0,0
1789940666.37,6,ALIVE (moving),1,0.0936,0.0040,0.0,,0,0
1789940667.40,6,ALIVE (moving),1,0.0966,0.4035,0.0,,0,0
1789940668.65,6,ALIVE (moving),1,0.1143,0.0040,0.0,,0,0
1789940669.89,6,ALIVE (moving),1,0.1184,0.0040,0.0,,0,0
1789940670.90,6,ALIVE (moving),1,0.1326,0.0040,0.0,,0,0
1789940672.15,6,ALIVE (moving),1,0.0685,0.5942,0.0,,0,0
1789940673.15,6,CAMERA MOVING,1,0.3058,0.5817,0.0,,0,0
1789940674.34,6,CAMERA MOVING,1,0.5301,0.5424,0.0,,0,0
1789940675.56,6,CAMERA MOVING,0,0.6670,0.1358,0.0,,0,0
1789940676.78,6,ALIVE (moving),0,0.3057,0.0735,0.0,,0,0
1789940677.98,6,CAMERA MOVING,0,0.6204,0.1102,0.0,,0,0
1789940679.15,6,CAMERA MOVING,0,0.6362,0.9029,0.0,,0,0
1789940680.22,6,ALIVE (moving),0,0.1565,0.1027,0.0,,0,0
1789940681.29,6,ALIVE (moving),0,0.1232,0.0738,0.0,,0,0
1789940682.43,6,ALIVE (moving),0,0.1202,0.0059,0.0,,0,0
1789940683.43,6,ALIVE (moving),0,0.0942,0.0040,0.0,,0,0
1789940684.46,6,ALIVE (moving),0,0.4828,0.0391,0.0,,0,0
1789940685.64,6,CAMERA MOVING,1,0.4375,0.0927,0.0,,0,0
1789940686.64,6,ALIVE (moving),1,0.1570,0.0355,0.0,,0,0
1789940687.75,6,ALIVE (moving),0,0.1808,0.3701,0.0,,0,0
1789940688.84,6,CAMERA MOVING,0,0.6208,1.2454,0.0,,0,0
1789940689.99,6,ALIVE (moving),1,0.0867,0.0136,0.0,,0,0
1789940691.09,6,ALIVE (moving),1,0.5329,0.1100,0.0,,0,0
1789940692.34,6,CAMERA MOVING,0,0.6938,0.7123,0.0,,0,0
1789940693.46,7,CAMERA MOVING,0,0.5193,0.7280,0.0,,0,0
1789940694.66,7,ALIVE (moving),0,0.1286,0.0299,0.0,,0,0
1789940695.78,7,ALIVE (moving),0,0.2465,0.0092,0.0,,0,0
1789940696.79,8,OBSERVING 0s,0,0.8433,0.1099,0.0,,0,0
1789940697.87,8,ALIVE (moving),0,0.7945,0.1986,0.0,,0,0
1789940698.97,8,ALIVE (moving),0,0.6778,0.0326,0.0,,0,0
1789940700.06,9,OBSERVING 0s,0,0.5951,0.0687,0.0,,0,0
1789940701.22,9,CAMERA MOVING,0,0.8991,2.0700,0.0,,0,0
1789940702.41,9,CAMERA MOVING,1,0.4720,0.6316,0.0,,0,0
1789940703.50,9,CAMERA MOVING,1,0.4437,0.1119,0.0,,0,0
1789940704.69,9,ALIVE (moving),1,0.2882,0.1376,0.0,,0,0
1789940705.76,9,ALIVE (moving),1,0.1682,0.0627,0.0,,0,0
1789940706.89,9,CAMERA MOVING,0,0.6657,1.1657,0.0,,0,0
1789940708.09,9,CAMERA MOVING,1,0.6578,0.3521,0.0,,0,0
1789940709.18,9,CAMERA MOVING,0,0.6777,0.1871,0.0,,0,0
1789940710.37,9,CAMERA MOVING,0,0.5611,0.4044,0.0,,0,0
1789940711.64,9,ALIVE (moving),0,0.3857,0.0598,0.0,,0,0
1789940712.76,9,ALIVE (moving),0,0.0905,0.0040,0.0,,0,0
1789940713.86,9,ALIVE (moving),0,0.0637,0.0040,0.0,,0,0
1789940714.89,9,ALIVE (moving),0,0.3344,0.0355,0.0,,0,0
1789940715.94,9,ALIVE (moving),0,0.2265,0.0155,0.0,,0,0
1789940717.01,9,ALIVE (moving),0,0.0595,0.0040,0.0,,0,0
1789940718.02,9,ALIVE (moving),0,0.1112,0.0040,0.0,,0,0
1789940719.03,9,ALIVE (moving),0,0.1941,0.0105,0.0,,0,0
1789940720.15,9,ALIVE (moving),0,0.2918,0.0270,0.0,,0,0
